date,open,high,low,close,volume,change
01-Nov-2022,444.00,453.49,444.00,451.32,"502,362",7.60
31-Oct-2022,439.98,444.66,436.60,443.72,"204,343",6.76
28-Oct-2022,436.00,445.96,430.49,436.96,"550,309",1.25
27-Oct-2022,435.00,439.00,429.10,435.71,"366,111",2.31
26-Oct-2022,428.90,441.40,427.10,433.40,"577,670",2.43
25-Oct-2022,433.00,433.00,428.01,430.97,"139,459",-2.64
24-Oct-2022,436.00,438.50,430.13,433.61,"163,173",1.84
21-Oct-2022,431.00,434.70,422.00,431.77,"256,394",0.95
20-Oct-2022,441.25,446.80,428.98,430.82,"792,299",-10.50
19-Oct-2022,443.00,444.84,436.10,441.32,"125,664",-0.83
18-Oct-2022,444.44,453.60,441.01,442.15,"855,362",0.27
17-Oct-2022,435.00,445.49,428.00,441.88,"772,974",5.77
14-Oct-2022,445.14,446.00,435.00,436.11,"522,155",-9.03
13-Oct-2022,425.60,449.40,425.60,445.14,"1,616,089",19.93
12-Oct-2022,422.50,433.90,420.00,425.21,"594,110",0.99
11-Oct-2022,423.00,428.40,415.50,424.22,"477,885",4.55
10-Oct-2022,418.00,430.98,418.00,419.67,"635,317",2.53
07-Oct-2022,415.01,440.00,413.10,417.14,"2,864,302",2.23
06-Oct-2022,390.00,415.05,389.99,414.91,"2,152,693",28.81
05-Oct-2022,384.02,388.60,382.50,386.10,"140,313",-0.26
04-Oct-2022,381.26,387.50,381.26,386.36,"184,475",5.48
03-Oct-2022,378.00,385.00,376.10,380.88,"167,721",3.40
30-Sep-2022,371.00,379.00,371.00,377.48,"135,527",3.96
29-Sep-2022,379.00,379.50,370.00,373.52,"229,346",-5.41
28-Sep-2022,386.79,387.00,376.76,378.93,"274,450",-7.09
27-Sep-2022,387.00,389.00,384.02,386.02,"172,560",0.09
26-Sep-2022,380.21,386.50,380.21,385.93,"132,989",1.93
23-Sep-2022,388.90,390.90,381.00,384.00,"163,295",-2.72
22-Sep-2022,382.98,389.00,375.00,386.72,"293,063",3.97
21-Sep-2022,388.00,388.00,381.31,382.75,"99,224",-4.38
20-Sep-2022,392.39,392.39,384.01,387.13,"148,858",-3.02
19-Sep-2022,391.00,394.89,390.00,390.15,"228,286",-0.65
16-Sep-2022,393.50,400.00,389.62,390.80,"337,135",-1.04
15-Sep-2022,392.90,397.35,387.90,391.84,"553,926",1.00
14-Sep-2022,388.75,394.00,387.14,390.84,"389,951",1.71
13-Sep-2022,393.10,395.50,388.00,389.13,"156,135",-5.55
12-Sep-2022,394.90,399.00,393.51,394.68,"138,813",0.48
09-Sep-2022,395.89,397.00,392.00,394.20,"171,098",0.69
08-Sep-2022,394.51,396.50,391.98,393.51,"104,166",-0.40
07-Sep-2022,397.00,399.00,393.00,393.91,"92,284",-2.56
06-Sep-2022,393.89,398.20,388.88,396.47,"245,854",4.36
05-Sep-2022,401.50,402.99,391.12,392.11,"358,516",-9.05
02-Sep-2022,401.93,406.50,400.15,401.16,"470,991",-0.86
01-Sep-2022,399.17,408.80,398.00,402.02,"1,441,556",4.31
31-Aug-2022,392.05,403.00,391.00,397.71,"977,109",3.56
30-Aug-2022,400.00,401.00,391.00,394.15,"971,956",3.72
29-Aug-2022,382.25,394.78,372.00,390.43,"846,475",7.05
26-Aug-2022,389.00,397.90,382.30,383.38,"975,320",-5.69
25-Aug-2022,391.99,393.55,388.00,389.07,"559,118",-2.05
24-Aug-2022,388.00,397.50,382.10,391.12,"1,294,439",10.94
23-Aug-2022,377.00,381.25,372.50,380.18,"701,458",9.62
22-Aug-2022,370.05,374.80,368.00,370.56,"198,859",-4.50
19-Aug-2022,372.00,377.90,368.60,375.06,"229,623",3.27
18-Aug-2022,386.00,387.90,370.00,371.79,"589,751",-11.03
17-Aug-2022,359.00,388.54,359.00,382.82,"770,292",21.38
16-Aug-2022,366.10,368.00,361.00,361.44,"225,265",-4.25
15-Aug-2022,364.00,368.00,360.00,365.69,"561,989",5.03
12-Aug-2022,359.70,364.00,356.50,360.66,"107,832",2.21
11-Aug-2022,366.40,366.40,358.00,358.45,"454,114",-5.67
10-Aug-2022,360.00,368.20,360.00,364.12,"541,466",4.18
05-Aug-2022,360.00,361.01,351.00,359.94,"192,361",0.16
04-Aug-2022,364.99,364.99,358.50,359.78,"221,466",-1.88
03-Aug-2022,357.20,363.99,357.20,361.66,"438,309",4.74
02-Aug-2022,351.00,360.50,351.00,356.92,"248,189",2.20
01-Aug-2022,347.64,360.40,347.64,354.72,"516,470",7.08
29-Jul-2022,350.00,353.99,344.02,347.64,"417,937",-1.74
28-Jul-2022,342.00,365.50,342.00,349.38,"898,903",7.65
27-Jul-2022,336.02,343.48,335.00,341.73,"155,461",5.75
26-Jul-2022,337.72,341.97,335.00,335.98,"155,366",0.43
25-Jul-2022,340.90,340.99,333.00,335.55,"133,115",-5.44
22-Jul-2022,339.99,344.00,330.54,340.99,"355,699",9.12
21-Jul-2022,340.95,341.45,330.04,331.87,"322,693",-6.32
20-Jul-2022,339.00,340.00,335.00,338.19,"155,069",-0.74
19-Jul-2022,341.00,346.50,337.28,338.93,"263,487",-1.73
18-Jul-2022,342.99,344.40,338.00,340.66,"255,219",-7.35
15-Jul-2022,350.00,356.90,346.60,348.01,"475,765",1.63
14-Jul-2022,338.00,349.95,338.00,346.38,"523,692",8.84
13-Jul-2022,331.16,339.90,329.25,337.54,"161,188",6.38
07-Jul-2022,332.09,333.88,329.99,331.16,"142,154",-0.42
06-Jul-2022,332.50,333.90,329.20,331.58,"83,685",0.97
05-Jul-2022,330.99,334.00,329.99,330.61,"97,039",1.74
04-Jul-2022,328.10,332.70,328.10,328.87,"137,361",0.38
01-Jul-2022,330.99,338.99,323.50,328.49,"562,284",-1.37
30-Jun-2022,324.80,332.90,322.50,329.86,"618,025",5.13
29-Jun-2022,336.01,337.70,320.51,324.73,"449,220",-10.85
28-Jun-2022,338.25,342.49,334.50,335.58,"191,142",-2.93
27-Jun-2022,331.00,339.95,330.85,338.51,"279,107",12.12
24-Jun-2022,339.55,343.00,315.50,326.39,"986,800",-13.13
23-Jun-2022,338.00,344.20,334.56,339.52,"429,217",4.60
22-Jun-2022,337.99,343.95,333.80,334.92,"356,390",-2.80
21-Jun-2022,322.16,340.90,322.01,337.72,"688,168",15.59
20-Jun-2022,333.60,333.70,322.00,322.13,"170,762",-7.62
17-Jun-2022,322.00,332.19,322.00,329.75,"406,616",7.40
16-Jun-2022,322.00,326.20,321.50,322.35,"74,406",-1.18
15-Jun-2022,323.00,326.00,322.00,323.53,"76,999",2.15
14-Jun-2022,320.00,323.49,317.50,321.38,"176,298",2.23
13-Jun-2022,334.50,334.50,314.00,319.15,"211,547",-13.80
10-Jun-2022,330.90,335.10,326.61,332.95,"182,589",5.50
09-Jun-2022,321.00,334.00,321.00,327.45,"358,023",6.17
07-Jun-2022,326.99,328.59,321.01,321.77,"155,168",-0.78
06-Jun-2022,318.00,327.00,316.41,322.55,"142,491",1.18
03-Jun-2022,332.99,332.99,313.00,321.37,"238,776",-8.51
02-Jun-2022,333.03,335.99,325.00,329.88,"163,720",-4.89
01-Jun-2022,340.54,342.55,334.00,334.77,"114,542",-5.77
31-May-2022,339.00,343.99,337.03,340.54,"290,210",6.33
30-May-2022,327.00,340.72,327.00,334.21,"358,880",5.29
27-May-2022,344.99,348.51,328.00,328.92,"952,665",4.72
26-May-2022,302.00,324.20,300.01,324.20,"811,886",22.61
25-May-2022,296.10,313.90,281.00,301.59,"1,618,817",2.58
24-May-2022,312.00,319.50,297.99,299.01,"1,789,447",-22.86
23-May-2022,326.00,330.00,320.55,321.87,"139,001",-13.51
20-May-2022,332.00,337.00,332.00,335.38,"367,505",3.50
19-May-2022,330.00,338.90,328.00,331.88,"1,002,228",-0.43
18-May-2022,331.90,334.00,324.06,332.31,"1,020,969",4.26
17-May-2022,325.00,330.99,322.13,328.05,"330,334",2.67
16-May-2022,330.12,336.00,321.20,325.38,"169,201",-17.29
13-May-2022,337.00,346.00,331.10,342.67,"314,556",5.60
12-May-2022,331.01,339.90,321.33,337.07,"229,945",2.13
11-May-2022,344.49,345.00,320.50,334.94,"516,532",-6.26
10-May-2022,347.00,350.00,339.25,341.20,"326,327",-4.26
09-May-2022,369.99,369.99,344.00,345.46,"843,159",-26.38
06-May-2022,387.00,387.00,370.00,371.84,"260,072",-15.65
28-Apr-2022,393.77,396.99,378.01,387.49,"357,775",-6.00
27-Apr-2022,401.15,404.00,387.00,393.49,"202,810",-10.45
26-Apr-2022,406.99,408.00,402.10,403.94,"352,396",-1.99
25-Apr-2022,395.00,407.00,392.02,405.93,"453,181",13.92
22-Apr-2022,388.05,394.50,386.00,392.01,"136,856",3.96
21-Apr-2022,392.01,394.00,385.00,388.05,"118,291",-5.13
20-Apr-2022,399.90,400.00,390.01,393.18,"99,630",-4.96
19-Apr-2022,402.00,402.90,393.51,398.14,"149,133",-3.02
18-Apr-2022,408.20,410.35,399.11,401.16,"271,419",-6.98
15-Apr-2022,413.00,414.03,407.00,408.14,"176,127",-3.24
14-Apr-2022,411.00,412.20,408.50,411.38,"112,737",1.18
13-Apr-2022,412.72,414.00,405.21,410.20,"248,357",-2.51
12-Apr-2022,415.00,415.00,405.00,412.71,"268,533",-0.08
11-Apr-2022,402.10,417.60,402.10,412.79,"1,548,680",24.32
08-Apr-2022,383.10,392.99,382.00,388.47,"278,285",3.73
07-Apr-2022,384.00,385.00,379.50,384.74,"857,934",4.04
06-Apr-2022,375.00,383.00,374.20,380.70,"148,557",5.99
05-Apr-2022,375.99,384.00,371.05,374.71,"241,366",0.65
04-Apr-2022,370.00,378.97,363.11,374.06,"195,358",-7.97
01-Apr-2022,378.90,394.00,378.10,382.03,"537,635",3.16
31-Mar-2022,380.00,380.00,370.00,378.87,"574,350",22.51
30-Mar-2022,714.01,720.99,705.05,717.72,"296,037",3.87
29-Mar-2022,709.00,718.18,707.00,713.85,"290,249",9.58
28-Mar-2022,706.00,708.00,697.00,704.27,"281,002",-1.74
25-Mar-2022,717.12,717.12,704.00,706.01,"224,062",-8.36
24-Mar-2022,715.00,720.00,695.16,714.37,"352,402",-3.69
22-Mar-2022,725.05,730.00,715.00,718.06,"163,890",-6.69
21-Mar-2022,729.89,737.00,721.50,724.75,"128,625",-1.68
18-Mar-2022,760.00,760.00,720.01,726.43,"618,853",-37.55
17-Mar-2022,761.26,779.45,761.26,763.98,"133,561",2.82
16-Mar-2022,725.00,765.00,725.00,761.16,"394,273",37.88
15-Mar-2022,717.00,725.18,715.10,723.28,"140,192",10.28
14-Mar-2022,714.00,733.33,702.00,713.00,"359,869",-0.03
11-Mar-2022,725.50,725.56,705.56,713.03,"1,402,983",38.09
10-Mar-2022,650.00,680.41,640.10,674.94,"459,617",42.00
09-Mar-2022,625.00,636.00,605.00,632.94,"84,376",23.52
08-Mar-2022,606.00,639.00,600.52,609.42,"275,569",-1.42
07-Mar-2022,632.00,632.00,608.08,610.84,"128,032",-29.03
04-Mar-2022,624.77,643.99,624.77,639.87,"137,098",15.10
03-Mar-2022,635.00,635.00,623.23,624.77,"33,711",-9.54
02-Mar-2022,651.00,651.00,630.00,634.31,"227,005",-18.00
01-Mar-2022,670.00,670.00,644.44,652.31,"279,181",6.33
28-Feb-2022,638.00,646.00,611.02,645.98,"69,747",7.10
25-Feb-2022,630.01,665.00,629.97,638.88,"83,955",-1.61
24-Feb-2022,655.01,657.25,637.00,640.49,"289,429",-39.35
23-Feb-2022,676.00,683.80,676.00,679.84,"73,273",3.81
22-Feb-2022,687.01,687.01,665.99,676.03,"159,696",-13.82
21-Feb-2022,692.00,694.50,688.00,689.85,"8,831",-3.34
18-Feb-2022,686.00,695.00,686.00,693.19,"84,805",7.26
17-Feb-2022,681.00,689.00,681.00,685.93,"250,692",-2.32
16-Feb-2022,695.00,695.00,685.00,688.25,"78,774",-1.70
15-Feb-2022,693.56,698.00,685.05,689.95,"103,425",-3.60
14-Feb-2022,718.99,718.99,685.00,693.55,"83,122",-16.95
11-Feb-2022,708.00,725.00,700.00,710.50,"625,033",5.41
10-Feb-2022,717.98,717.98,703.50,705.09,"275,288",-11.19
09-Feb-2022,724.99,724.99,715.00,716.28,"197,970",-6.70
08-Feb-2022,734.00,734.00,720.00,722.98,"23,063",-6.52
07-Feb-2022,733.00,733.00,727.00,729.50,"13,214",2.37
04-Feb-2022,744.98,744.98,720.00,727.13,"169,782",-10.95
03-Feb-2022,736.88,745.00,736.00,738.08,"65,818",3.11
02-Feb-2022,739.99,739.99,732.00,734.97,"177,131",0.92
01-Feb-2022,735.00,742.98,732.43,734.05,"51,391",-3.09
31-Jan-2022,739.00,743.00,733.00,737.14,"45,200",1.30
28-Jan-2022,745.00,745.00,735.00,735.84,"49,697",-8.11
27-Jan-2022,749.30,749.30,742.50,743.95,"52,698",-0.05
26-Jan-2022,754.99,754.99,739.39,744.00,"172,535",-6.26
25-Jan-2022,775.75,775.75,746.50,750.26,"720,279",-20.60
24-Jan-2022,780.00,795.00,765.01,770.86,"58,150",-8.74
21-Jan-2022,770.05,785.00,770.05,779.60,"42,994",9.33
20-Jan-2022,770.00,774.50,759.97,770.27,"204,793",-4.49
19-Jan-2022,775.00,780.00,769.00,774.76,"425,982",-0.37
18-Jan-2022,778.50,783.99,772.00,775.13,"171,019",-4.92
17-Jan-2022,779.90,783.00,770.00,780.05,"120,017",0.08
14-Jan-2022,786.99,784.00,775.00,779.97,"53,615",2.84
13-Jan-2022,784.00,786.00,776.00,777.13,"47,618",-6.15
12-Jan-2022,787.00,793.00,775.18,783.28,"87,133",-2.49
10-Jan-2022,804.50,816.00,800.00,809.78,"72,268",3.23
07-Jan-2022,787.00,815.00,785.00,806.55,"143,972",19.84
06-Jan-2022,780.00,797.00,772.90,786.71,"41,296",-2.26
05-Jan-2022,798.00,798.00,785.00,788.97,"12,118",-7.44
04-Jan-2022,778.00,798.00,776.54,796.41,"133,932",19.87
03-Jan-2022,754.00,781.00,754.00,776.54,"66,832",16.70
31-Dec-2021,767.00,767.00,754.01,759.84,"235,972",-7.44
30-Dec-2021,750.00,774.00,745.00,767.28,"143,206",16.49
29-Dec-2021,753.00,763.50,748.12,750.79,"51,132",-12.38
28-Dec-2021,768.00,768.00,756.00,763.17,"11,584",-2.38
27-Dec-2021,751.00,769.00,749.00,765.55,"10,888",4.52
24-Dec-2021,747.00,768.00,747.00,761.03,"31,322",7.53
23-Dec-2021,747.00,763.50,747.00,753.50,"23,612",-6.33
22-Dec-2021,760.00,770.00,743.00,759.83,"74,737",-1.63
21-Dec-2021,762.00,772.89,758.00,761.46,"53,772",-7.29
20-Dec-2021,781.00,781.00,760.00,768.75,"110,389",-6.66
17-Dec-2021,745.00,798.99,740.00,775.41,"72,118",23.94
16-Dec-2021,760.00,768.99,741.01,751.47,"54,464",-18.75
15-Dec-2021,746.99,773.75,742.00,770.22,"142,959",45.65
14-Dec-2021,722.00,730.51,709.00,724.57,"78,692",1.17
13-Dec-2021,755.95,755.95,715.00,723.40,"26,321",-30.55
10-Dec-2021,760.00,778.00,752.00,753.95,"76,355",-19.97
09-Dec-2021,765.00,785.00,755.00,773.92,"101,048",-5.50
08-Dec-2021,778.00,798.99,752.00,779.42,"75,083",13.58
07-Dec-2021,752.00,778.99,752.00,765.84,"118,233",13.18
06-Dec-2021,727.40,759.90,712.00,752.66,"143,975",23.16
03-Dec-2021,700.00,754.99,695.00,729.50,"304,938",-2.35
02-Dec-2021,791.99,792.00,731.85,731.85,"110,883",-59.33
01-Dec-2021,787.00,798.99,781.00,791.18,"31,334",-10.42
30-Nov-2021,769.90,807.00,769.90,801.60,"858,752",32.04
29-Nov-2021,759.99,777.00,747.01,769.56,"159,837",7.81
26-Nov-2021,745.00,772.00,745.00,761.75,"79,264",13.44
25-Nov-2021,750.00,757.90,738.50,748.31,"47,705",2.64
24-Nov-2021,712.00,750.00,705.00,745.67,"201,590",16.85
23-Nov-2021,775.00,775.00,725.00,728.82,"157,343",-44.46
22-Nov-2021,783.33,793.78,767.00,773.28,"142,341",-28.17
19-Nov-2021,800.00,812.00,800.00,801.45,"210,938",-10.09
18-Nov-2021,818.24,821.80,785.10,811.54,"276,410",-6.55
17-Nov-2021,807.00,822.50,800.30,818.09,"397,330",20.71
16-Nov-2021,804.00,804.00,790.10,797.38,"163,592",1.80
15-Nov-2021,760.10,828.00,760.10,795.58,"137,644",21.29
12-Nov-2021,783.00,786.00,769.99,774.29,"85,820",-12.38
11-Nov-2021,793.00,794.95,785.00,786.67,"111,328",-2.37
10-Nov-2021,796.99,802.00,785.00,789.04,"119,320",0.69
09-Nov-2021,795.00,805.00,766.00,788.35,"226,516",-9.09
08-Nov-2021,780.50,809.98,780.50,797.44,"312,451",-2.13
05-Nov-2021,807.89,808.00,793.00,799.57,"118,028",-9.79
04-Nov-2021,798.38,817.00,790.00,809.36,"308,810",20.14
03-Nov-2021,739.00,795.00,737.00,789.22,"605,212",48.23
02-Nov-2021,705.00,748.88,702.10,740.99,"276,777",36.40
01-Nov-2021,697.48,715.00,690.00,704.59,"95,816",15.87
29-Oct-2021,698.88,698.88,675.50,688.72,"282,165",-4.12
28-Oct-2021,690.00,698.50,670.02,692.84,"212,255",2.28
27-Oct-2021,684.00,694.00,679.00,690.56,"156,618",19.64
26-Oct-2021,675.00,689.00,656.00,670.92,"179,701",0.39
25-Oct-2021,688.80,688.80,665.00,675.00,"200,229",-5.11
22-Oct-2021,693.00,700.00,660.00,675.64,"314,299",-7.80
21-Oct-2021,680.00,693.70,674.00,683.44,"160,500",4.19
20-Oct-2021,664.00,681.00,660.00,679.25,"103,100",14.21
18-Oct-2021,679.00,684.00,655.00,665.04,"37,100",-24.37
15-Oct-2021,665.00,700.00,656.00,689.41,"198,400",16.01
14-Oct-2021,612.00,690.00,612.00,673.40,"331,900",25.56
13-Oct-2021,684.40,690.00,640.00,647.84,"115,900",-32.69
12-Oct-2021,670.01,690.00,661.00,680.53,"236,100",-10.08
11-Oct-2021,711.00,715.00,683.00,690.61,"101,900",-35.00
08-Oct-2021,705.24,750.00,690.25,725.61,"76,700",20.36
07-Oct-2021,704.00,709.95,702.01,705.25,"83,000",-0.69
06-Oct-2021,708.00,710.90,698.00,705.94,"230,700",-5.33
05-Oct-2021,729.98,729.98,700.10,711.27,"55,800",-14.21
04-Oct-2021,704.01,730.00,704.01,725.48,"155,900",1.73
01-Oct-2021,720.00,734.00,708.00,723.75,"139,700",-3.76
30-Sep-2021,734.00,734.89,704.00,727.51,"262,800",-11.80
29-Sep-2021,751.00,759.79,700.57,739.31,"956,000",-18.06
28-Sep-2021,729.99,775.00,729.99,757.37,"254,700",13.48
27-Sep-2021,720.01,772.36,703.55,743.89,"475,900",25.41
24-Sep-2021,715.00,724.00,703.00,718.48,"364,800",5.07
23-Sep-2021,730.00,735.00,701.10,713.41,"155,700",-13.72
22-Sep-2021,740.00,740.00,710.01,727.13,"463,400",-19.48
21-Sep-2021,771.99,785.00,720.10,746.61,"112,000",-27.37
20-Sep-2021,785.00,799.25,761.00,773.98,"121,800",-8.56
17-Sep-2021,792.00,804.99,779.01,782.54,"156,700",-14.67
16-Sep-2021,785.00,807.00,785.00,797.21,"99,600",-3.63
15-Sep-2021,804.79,804.79,778.00,800.84,"354,500",-8.94
14-Sep-2021,820.00,825.00,801.00,809.78,"199,200",-6.01
13-Sep-2021,821.00,824.00,805.01,815.79,"156,900",-2.66
10-Sep-2021,809.00,819.94,790.02,818.45,"158,300",26.07
09-Sep-2021,779.00,835.00,766.01,792.38,"381,300",14.48
08-Sep-2021,774.00,780.00,770.00,777.90,"193,200",7.42
07-Sep-2021,765.00,779.85,764.00,770.48,"120,800",2.51
06-Sep-2021,753.10,771.90,753.10,767.97,"206,700",9.22
03-Sep-2021,750.00,762.00,729.99,758.75,"396,700",38.06
02-Sep-2021,721.31,729.95,713.00,720.69,"283,000",-2.84
01-Sep-2021,730.00,749.98,718.00,723.53,"259,200",3.69
31-Aug-2021,690.00,740.93,689.00,719.84,"527,200",30.60
30-Aug-2021,687.95,695.00,674.00,689.24,"59,300",3.86
27-Aug-2021,672.00,690.00,656.00,685.38,"124,200",14.05
26-Aug-2021,635.00,677.26,635.00,671.33,"299,400",41.32
25-Aug-2021,635.00,635.00,625.00,630.01,"12,200",-5.01
24-Aug-2021,634.00,635.55,633.00,635.02,"15,600",0.42
20-Aug-2021,630.00,630.00,618.00,620.61,"20,400",-0.18
17-Aug-2021,615.00,625.00,615.00,620.79,"67,200",4.37
16-Aug-2021,613.00,622.00,599.00,616.42,"112,700",-2.24
13-Aug-2021,635.00,635.50,616.00,618.66,"77,100",-16.81
12-Aug-2021,665.00,665.00,632.00,635.47,"25,700",2.17
11-Aug-2021,629.00,637.50,624.75,633.30,"46,300",12.63
10-Aug-2021,622.01,626.00,618.00,620.67,"33,700",-5.89
09-Aug-2021,633.00,633.05,623.00,626.56,"34,500",-6.75
06-Aug-2021,640.00,643.99,630.00,633.31,"30,700",-6.78
05-Aug-2021,644.30,646.75,640.00,640.09,"27,500",-7.99
04-Aug-2021,652.00,658.99,645.00,648.08,"80,500",-2.29
03-Aug-2021,647.01,660.00,641.02,650.37,"85,700",3.73
02-Aug-2021,627.10,649.00,627.00,646.64,"71,400",12.98
30-Jul-2021,637.00,650.00,630.00,633.66,"175,400",-3.05
29-Jul-2021,632.00,639.00,628.00,636.71,"38,000",0.88
28-Jul-2021,640.00,650.00,630.00,635.83,"51,000",-7.70
27-Jul-2021,649.90,649.90,629.50,643.53,"304,500",15.53
26-Jul-2021,624.00,630.99,624.00,628.00,"202,500",6.65
23-Jul-2021,612.97,628.00,612.00,621.35,"224,800",8.09
19-Jul-2021,655.00,655.00,607.00,613.26,"564,100",3.68
16-Jul-2021,585.00,628.84,585.00,609.58,"592,800",24.61
15-Jul-2021,581.01,585.40,576.00,584.97,"71,600",4.72
14-Jul-2021,588.99,588.99,577.90,580.25,"126,900",2.83
13-Jul-2021,564.50,582.00,564.50,577.42,"60,500",9.43
12-Jul-2021,568.25,570.00,563.00,567.99,"59,900",-0.29
09-Jul-2021,575.00,580.00,560.00,568.28,"120,900",-8.66
08-Jul-2021,559.99,580.00,559.99,576.94,"161,800",18.08
07-Jul-2021,560.00,560.00,551.00,558.86,"30,000",0.40
06-Jul-2021,561.00,563.00,557.00,558.46,"50,900",-1.63
05-Jul-2021,558.10,567.99,558.00,560.09,"47,600",-3.93
02-Jul-2021,564.99,568.00,560.15,564.02,"44,700",-0.88
01-Jul-2021,556.10,570.00,556.10,564.90,"68,000",4.68
30-Jun-2021,561.00,567.99,558.04,560.22,"71,400",-0.41
29-Jun-2021,559.90,570.00,556.10,560.63,"85,300",3.45
28-Jun-2021,555.99,560.00,538.00,557.18,"142,300",1.46
25-Jun-2021,547.00,569.00,545.00,555.72,"265,500",6.10
24-Jun-2021,546.01,552.00,544.00,549.62,"92,000",3.54
23-Jun-2021,547.99,553.99,544.75,546.08,"91,200",-0.44
22-Jun-2021,530.90,548.50,530.90,546.52,"172,000",15.68
21-Jun-2021,520.00,535.00,519.10,530.84,"200,700",9.90
18-Jun-2021,524.00,530.00,518.00,520.94,"161,500",-2.91
17-Jun-2021,515.20,539.99,508.00,523.85,"96,300",2.18
16-Jun-2021,522.00,526.00,513.00,521.67,"173,100",1.76
15-Jun-2021,526.00,536.00,519.00,519.91,"185,900",-9.46
14-Jun-2021,512.00,544.15,507.00,529.37,"412,100",23.18
11-Jun-2021,507.99,511.25,503.00,506.19,"122,900",3.78
10-Jun-2021,490.00,510.00,488.01,502.41,"320,700",12.74
09-Jun-2021,499.90,499.90,488.25,489.67,"40,000",-7.32
08-Jun-2021,491.00,500.00,488.50,496.99,"78,200",3.10
07-Jun-2021,481.00,509.89,477.55,493.89,"123,200",14.08
04-Jun-2021,480.50,484.00,476.00,479.81,"83,000",-0.18
03-Jun-2021,476.01,487.50,476.01,479.99,"101,300",-1.99
02-Jun-2021,482.00,490.00,478.50,481.98,"76,200",-3.03
01-Jun-2021,489.00,489.00,478.50,485.01,"82,400",-2.60
31-May-2021,482.50,491.75,476.00,487.61,"257,000",8.10
28-May-2021,451.10,489.28,451.10,479.51,"986,600",24.36
27-May-2021,457.02,457.02,450.00,455.15,"294,300",-2.81
26-May-2021,454.00,460.00,450.00,457.96,"144,900",7.78
25-May-2021,445.00,452.00,444.30,450.18,"292,400",6.25
24-May-2021,436.99,451.00,430.00,443.93,"289,400",12.65
21-May-2021,427.00,434.85,425.10,431.28,"54,600",2.63
20-May-2021,438.00,438.00,412.05,428.65,"56,300",-8.78
19-May-2021,440.01,441.99,435.00,437.43,"11,900",-5.87
18-May-2021,442.00,449.00,440.25,443.30,"137,500",-7.05
17-May-2021,450.36,455.80,439.02,450.35,"57,900",0.99
06-May-2021,448.50,453.00,446.40,449.36,"231,000",-0.73
05-May-2021,451.00,455.00,447.00,450.09,"110,500",-0.44
04-May-2021,453.99,454.85,446.00,450.53,"113,000",5.31
03-May-2021,420.00,455.42,419.98,445.22,"79,200",21.57
30-Apr-2021,432.00,432.00,417.00,423.65,"22,700",-14.81
29-Apr-2021,432.50,448.00,426.78,438.46,"20,600",-3.82
28-Apr-2021,442.10,448.98,440.00,442.28,"220,900",-7.01
27-Apr-2021,446.00,455.00,437.50,449.29,"43,600",0.13
26-Apr-2021,438.08,458.99,436.00,449.16,"66,600",11.05
23-Apr-2021,432.00,440.00,431.02,438.11,"25,100",-5.35
22-Apr-2021,456.01,456.15,435.10,443.46,"54,500",-13.14
21-Apr-2021,464.98,464.98,455.00,456.60,"22,100",-7.31
20-Apr-2021,465.00,466.40,458.00,463.91,"65,000",-1.53
19-Apr-2021,450.50,475.00,447.00,465.44,"33,700",1.94
16-Apr-2021,461.00,467.00,461.00,463.50,"9,400",1.65
15-Apr-2021,457.50,470.00,453.12,461.85,"22,900",0.57
14-Apr-2021,459.00,462.70,456.80,461.28,"97,800",5.42
13-Apr-2021,446.00,461.10,446.00,455.86,"30,200",3.74
12-Apr-2021,460.00,466.00,450.00,452.12,"162,200",-5.33
09-Apr-2021,445.05,463.00,445.00,457.45,"296,900",10.53
08-Apr-2021,444.00,451.50,442.11,446.92,"68,500",2.69
07-Apr-2021,447.89,447.90,440.50,444.23,"32,200",-3.64
06-Apr-2021,433.10,450.00,433.10,447.87,"54,300",14.46
05-Apr-2021,450.00,450.00,426.10,433.41,"54,700",-24.83
02-Apr-2021,460.25,460.25,454.20,458.24,"21,200",-7.02
01-Apr-2021,466.05,475.00,451.05,465.26,"54,000",-5.27
31-Mar-2021,463.00,478.00,450.00,470.53,"170,700",10.47
30-Mar-2021,450.00,470.00,450.00,460.06,"150,800",-7.16
29-Mar-2021,459.87,475.00,425.00,467.22,"418,900",9.99
26-Mar-2021,455.00,462.50,453.00,457.23,"198,200",1.17
25-Mar-2021,455.00,472.00,454.05,456.06,"678,400",1.34
24-Mar-2021,460.00,463.00,453.00,454.72,"109,400",-4.77
22-Mar-2021,464.50,465.00,441.00,459.49,"100,600",17.01
19-Mar-2021,485.00,494.00,478.56,490.23,"36,000",10.07
17-Mar-2021,499.00,499.00,484.01,488.37,"115,700",-4.01
16-Mar-2021,489.99,494.99,478.00,492.38,"271,500",8.70
15-Mar-2021,462.50,486.00,459.00,483.68,"251,100",31.36
12-Mar-2021,440.00,459.68,425.00,452.32,"145,400",24.71
11-Mar-2021,419.00,436.00,405.00,427.61,"212,000",5.82
10-Mar-2021,454.50,455.00,418.17,421.79,"136,500",-30.28
09-Mar-2021,483.00,483.00,444.92,452.07,"96,600",-28.92
08-Mar-2021,497.00,497.00,478.00,480.99,"56,700",-10.75
05-Mar-2021,492.27,494.00,485.00,491.74,"59,700",0.40
04-Mar-2021,490.00,504.00,477.80,491.34,"276,800",-0.99
03-Mar-2021,492.50,495.95,490.70,492.33,"74,600",-1.45
02-Mar-2021,495.00,497.99,491.01,493.78,"33,000",-0.77
01-Mar-2021,500.00,500.00,488.99,494.55,"69,400",-6.59
26-Feb-2021,491.00,506.00,488.88,501.14,"130,900",8.01
25-Feb-2021,496.00,499.99,487.00,493.13,"111,200",0.01
24-Feb-2021,491.52,498.00,487.50,493.12,"154,900",-1.03
23-Feb-2021,495.02,500.00,490.01,494.15,"50,700",-5.38
22-Feb-2021,502.80,504.97,493.50,499.53,"169,700",-3.35
19-Feb-2021,497.85,511.11,494.67,502.88,"383,200",8.21
18-Feb-2021,497.00,498.50,489.50,494.67,"114,600",-1.99
17-Feb-2021,500.00,502.00,490.00,496.66,"75,100",-3.04
16-Feb-2021,503.99,506.99,498.00,499.70,"80,200",2.74
15-Feb-2021,491.61,511.00,488.99,496.96,"342,200",17.67
12-Feb-2021,465.01,500.40,457.00,479.29,"156,600",13.80
11-Feb-2021,480.00,482.00,463.00,465.49,"94,700",-12.56
10-Feb-2021,494.00,494.00,475.00,478.05,"121,000",-12.52
09-Feb-2021,480.11,493.00,480.11,490.57,"441,900",3.33
08-Feb-2021,483.00,490.00,481.01,487.24,"229,900",5.09
04-Feb-2021,475.50,485.00,470.00,482.15,"274,900",10.68
03-Feb-2021,468.10,478.00,467.56,471.47,"183,800",4.84
02-Feb-2021,466.00,471.55,463.16,466.63,"141,300",1.66
01-Feb-2021,464.29,467.00,460.00,464.97,"114,000",3.67
29-Jan-2021,464.00,472.00,458.00,461.30,"143,400",-4.59
28-Jan-2021,489.00,493.00,464.55,465.89,"283,600",-16.49
27-Jan-2021,481.97,485.14,476.00,482.38,"392,000",2.47
26-Jan-2021,479.99,485.00,475.12,479.91,"303,900",4.82
25-Jan-2021,473.99,494.00,469.00,475.09,"474,300",6.46
22-Jan-2021,463.00,474.00,452.50,468.63,"449,900",11.32
21-Jan-2021,442.50,460.50,442.00,457.31,"204,100",11.15
20-Jan-2021,455.00,458.50,433.02,446.16,"309,700",-6.47
19-Jan-2021,466.40,466.40,451.00,452.63,"65,700",-8.41
18-Jan-2021,470.00,476.88,458.50,461.04,"94,800",-7.86
15-Jan-2021,463.50,480.00,462.80,468.90,"382,600",6.10
14-Jan-2021,454.99,472.00,453.00,462.80,"340,000",11.84
13-Jan-2021,429.99,454.32,427.00,450.96,"663,200",28.32
12-Jan-2021,417.05,427.00,411.00,422.64,"231,400",7.93
11-Jan-2021,420.00,420.00,413.60,414.71,"62,600",-2.01
08-Jan-2021,418.78,424.75,413.00,416.72,"115,000",2.48
07-Jan-2021,404.01,418.00,404.01,414.24,"209,600",9.15
06-Jan-2021,398.07,412.12,397.00,405.09,"187,600",8.00
05-Jan-2021,399.00,404.00,395.21,397.09,"135,900",-1.45
04-Jan-2021,414.00,414.12,392.99,398.54,"201,600",-19.61
01-Jan-2021,422.90,427.00,415.05,418.15,"84,900",-1.08
31-Dec-2020,425.00,432.49,415.00,419.23,"332,200",0.02
30-Dec-2020,399.00,423.50,399.00,419.21,"287,700",17.88
29-Dec-2020,404.00,405.00,400.00,401.33,"51,200",-2.91
28-Dec-2020,407.00,409.00,401.00,404.24,"55,800",-4.56
24-Dec-2020,398.99,413.00,396.01,408.80,"322,700",13.34
23-Dec-2020,395.20,400.21,390.00,395.46,"117,000",0.28
22-Dec-2020,400.00,405.00,372.00,395.18,"354,300",-4.88
21-Dec-2020,403.00,407.05,398.80,400.06,"150,600",-1.17
18-Dec-2020,400.00,409.00,397.37,401.23,"233,100",-1.28
17-Dec-2020,402.00,409.00,391.10,402.51,"1,028,100",9.82
16-Dec-2020,369.00,392.69,368.00,392.69,"1,316,500",27.39
15-Dec-2020,371.00,374.90,361.02,365.30,"230,200",-4.44
14-Dec-2020,371.00,375.99,367.00,369.74,"276,400",-0.96
11-Dec-2020,375.00,377.99,369.00,370.70,"218,100",-3.05
10-Dec-2020,374.00,386.50,367.99,373.75,"618,800",0.33
09-Dec-2020,378.00,385.00,372.00,373.42,"237,200",-5.06
08-Dec-2020,387.00,393.80,375.01,378.48,"317,900",-8.51
07-Dec-2020,378.00,397.50,378.00,386.99,"416,000",3.00
04-Dec-2020,381.11,390.00,381.11,383.99,"395,900",0.96
03-Dec-2020,372.95,392.50,360.60,383.03,"835,700",15.73
02-Dec-2020,370.00,374.80,363.00,367.30,"316,300",-1.85
01-Dec-2020,370.00,378.98,366.00,369.15,"346,400",1.15
30-Nov-2020,365.00,373.50,362.00,368.00,"282,600",4.31
27-Nov-2020,362.00,375.00,347.00,363.69,"600,600",2.18
26-Nov-2020,360.50,366.50,356.00,361.51,"710,100",9.24
25-Nov-2020,329.98,352.71,329.98,352.27,"473,800",24.16
24-Nov-2020,324.90,330.50,320.20,328.11,"301,000",7.83
23-Nov-2020,329.50,329.50,315.00,320.28,"270,900",-7.77
20-Nov-2020,336.70,336.70,325.00,328.05,"130,400",-8.64
19-Nov-2020,341.99,343.00,334.00,336.69,"102,900",-2.84
18-Nov-2020,339.00,344.00,336.00,339.53,"152,700",-0.78
17-Nov-2020,355.00,355.00,338.00,340.31,"181,500",-8.15
16-Nov-2020,354.00,374.00,335.00,348.46,"376,600",-5.71
13-Nov-2020,334.98,358.00,329.00,354.17,"527,900",18.54
12-Nov-2020,319.00,338.00,319.00,335.63,"595,700",18.46
11-Nov-2020,310.50,321.00,310.25,317.17,"191,900",3.74
10-Nov-2020,310.10,321.45,303.00,313.43,"479,400",4.39
09-Nov-2020,309.00,314.00,307.50,309.04,"147,700",1.62
06-Nov-2020,304.00,311.00,301.01,307.42,"317,400",3.42
05-Nov-2020,306.25,308.50,300.15,304.00,"182,400",0.29
04-Nov-2020,310.00,310.05,302.00,303.71,"59,400",-4.35
03-Nov-2020,301.00,309.70,297.15,308.06,"111,200",12.64
02-Nov-2020,300.00,300.00,286.00,295.42,"127,200",-5.18
29-Oct-2020,298.10,304.50,289.20,300.60,"199,700",-5.61
28-Oct-2020,304.00,318.00,297.10,306.21,"219,400",-2.85
27-Oct-2020,304.27,315.00,304.25,309.06,"140,000",2.97
23-Oct-2020,291.00,291.70,285.00,289.58,"101,800",-2.37
22-Oct-2020,296.00,299.98,288.01,291.95,"189,400",-4.75
21-Oct-2020,283.00,301.88,281.52,296.70,"274,100",15.47
20-Oct-2020,278.10,283.00,277.47,281.23,"61,500",3.76
19-Oct-2020,279.00,284.90,275.05,277.47,"71,200",1.96
16-Oct-2020,279.00,279.00,271.00,275.51,"35,000",-4.37
15-Oct-2020,280.16,287.50,278.17,279.88,"75,800",1.01
14-Oct-2020,280.00,282.00,276.00,278.87,"57,300",0.55
13-Oct-2020,283.11,288.00,276.00,278.32,"92,800",-4.83
12-Oct-2020,283.00,287.00,282.51,283.15,"132,100",-0.95
09-Oct-2020,285.00,290.00,275.00,284.10,"87,200",1.37
08-Oct-2020,277.00,292.87,276.26,282.73,"380,200",6.51
07-Oct-2020,262.01,280.30,260.01,276.22,"410,000",15.47
06-Oct-2020,259.15,265.00,253.00,260.75,"349,100",1.61
05-Oct-2020,256.70,264.22,254.57,259.14,"177,300",-5.08
02-Oct-2020,272.00,279.00,261.55,264.22,"179,800",-7.08
01-Oct-2020,276.50,276.50,256.50,271.30,"218,000",-0.74
30-Sep-2020,280.75,283.44,270.00,272.04,"103,500",-11.33
29-Sep-2020,290.02,291.98,277.12,283.37,"372,400",-6.66
28-Sep-2020,297.00,301.00,288.00,290.03,"153,000",-9.93
25-Sep-2020,296.07,312.00,296.07,299.96,"162,800",0.48
24-Sep-2020,295.01,300.50,289.00,299.48,"197,000",4.30
23-Sep-2020,292.01,298.20,292.01,295.18,"99,200",-1.93
22-Sep-2020,299.00,299.00,290.00,297.11,"137,400",-1.95
21-Sep-2020,301.10,303.85,296.00,299.06,"80,400",-2.57
18-Sep-2020,296.50,312.89,296.05,301.63,"398,500",5.45
17-Sep-2020,299.90,299.90,295.00,296.18,"101,900",0.35
16-Sep-2020,289.00,298.50,288.00,295.83,"93,900",6.82
15-Sep-2020,293.99,299.90,288.00,289.01,"99,100",-3.52
14-Sep-2020,301.00,302.97,291.34,292.53,"87,900",-4.98
11-Sep-2020,304.00,310.00,283.50,297.51,"256,700",-3.54
10-Sep-2020,313.99,316.99,300.00,301.05,"259,800",-7.44
09-Sep-2020,306.50,322.00,293.01,308.49,"977,000",1.99
08-Sep-2020,306.50,306.50,299.99,306.50,"1,771,900",21.38
07-Sep-2020,270.00,285.12,270.00,285.12,"734,400",19.89
04-Sep-2020,250.00,265.23,250.00,265.23,"1,775,400",18.50
03-Sep-2020,235.00,246.73,235.00,246.73,"540,300",17.21
02-Sep-2020,225.00,235.98,223.00,229.52,"306,900",5.02
01-Sep-2020,221.00,227.45,218.00,224.50,"92,000",1.61
31-Aug-2020,223.00,226.99,219.00,222.89,"131,800",-3.17
28-Aug-2020,218.00,229.50,211.33,226.06,"137,100",7.97
27-Aug-2020,214.48,225.94,206.55,218.09,"693,600",7.69
26-Aug-2020,196.90,210.40,196.90,210.40,"794,300",14.67
25-Aug-2020,197.00,201.00,194.00,195.73,"167,200",-0.13
24-Aug-2020,193.00,196.70,193.00,195.86,"101,900",5.33
21-Aug-2020,192.41,192.41,189.10,190.53,"114,200",-1.88
20-Aug-2020,193.00,195.49,192.00,192.41,"37,600",-0.71
19-Aug-2020,196.48,196.48,193.00,193.12,"101,700",-0.55
18-Aug-2020,193.51,197.98,193.00,193.67,"94,300",-0.57
17-Aug-2020,192.95,196.80,191.50,194.24,"44,000",0.73
13-Aug-2020,196.00,196.99,193.00,193.51,"107,100",-3.12
12-Aug-2020,197.36,199.00,196.00,196.63,"269,000",1.29
11-Aug-2020,197.36,199.78,194.00,195.34,"52,400",-0.60
10-Aug-2020,198.90,200.00,195.50,195.94,"53,300",-2.49
07-Aug-2020,197.90,201.00,196.16,198.43,"104,000",0.48
06-Aug-2020,197.01,206.00,196.75,197.95,"209,300",0.24
05-Aug-2020,197.50,198.99,195.51,197.71,"97,700",0.21
04-Aug-2020,207.10,208.50,196.00,197.50,"255,400",-10.46
03-Aug-2020,210.00,212.08,206.00,207.96,"183,100",-1.38
30-Jul-2020,212.80,214.00,208.51,209.34,"163,000",-1.22
29-Jul-2020,208.00,212.00,206.51,210.56,"296,200",2.56
28-Jul-2020,209.98,213.00,207.00,208.00,"181,500",-1.77
27-Jul-2020,200.00,213.00,200.00,209.77,"537,900",10.52
24-Jul-2020,197.01,202.00,194.00,199.25,"267,600",-0.88
23-Jul-2020,202.51,213.98,199.50,200.13,"746,800",1.07
22-Jul-2020,192.09,206.48,189.00,199.06,"426,500",6.98
21-Jul-2020,192.00,193.10,191.40,192.08,"106,100",-0.31
20-Jul-2020,192.00,196.80,191.30,192.39,"189,100",-0.81
17-Jul-2020,193.00,198.08,191.00,193.20,"58,600",-1.55
16-Jul-2020,196.50,197.50,194.50,194.75,"105,000",-1.89
15-Jul-2020,193.44,201.00,192.00,196.64,"234,300",3.21
14-Jul-2020,197.00,200.89,192.61,193.43,"158,200",-3.67
13-Jul-2020,200.00,203.00,196.00,197.10,"279,100",-0.72
10-Jul-2020,192.00,199.90,191.00,197.82,"479,200",5.23
09-Jul-2020,190.10,194.60,189.00,192.59,"493,500",3.32
08-Jul-2020,186.50,194.99,186.30,189.27,"783,400",1.56
07-Jul-2020,186.11,189.00,186.10,187.71,"100,700",1.71
06-Jul-2020,187.49,190.00,185.05,186.00,"175,200",0.43
03-Jul-2020,187.00,191.00,184.25,185.57,"72,100",-1.90
02-Jul-2020,185.00,193.97,184.10,187.47,"463,600",1.16
01-Jul-2020,184.99,197.45,184.01,186.31,"1,095,300",2.63
30-Jun-2020,179.95,187.99,179.00,183.68,"217,000",5.54
29-Jun-2020,175.60,179.00,175.60,178.14,"18,400",0.56
26-Jun-2020,180.99,180.99,176.10,177.58,"112,500",-0.96
25-Jun-2020,178.01,182.00,178.00,178.54,"94,200",-0.46
24-Jun-2020,180.20,181.00,178.00,179.00,"89,900",-2.49
23-Jun-2020,183.00,183.99,180.12,181.49,"136,700",0.99
22-Jun-2020,182.50,182.50,178.00,180.50,"143,200",-2.02
19-Jun-2020,179.15,183.40,178.50,182.52,"179,500",3.48
18-Jun-2020,181.00,182.50,178.10,179.04,"216,800",-1.68
17-Jun-2020,181.50,186.00,180.00,180.72,"422,300",-0.23
16-Jun-2020,180.90,184.00,180.00,180.95,"249,600",3.19
15-Jun-2020,174.06,184.95,173.20,177.76,"481,400",1.65
12-Jun-2020,176.00,179.97,175.05,176.11,"393,200",-5.63
11-Jun-2020,182.25,185.48,181.00,181.74,"249,700",-0.63
10-Jun-2020,177.85,188.00,177.00,182.37,"600,900",6.36
09-Jun-2020,181.00,184.60,175.01,176.01,"645,300",-2.04
08-Jun-2020,165.63,178.05,165.63,178.05,"763,500",12.42
05-Jun-2020,162.20,166.49,160.10,165.63,"126,800",3.36
03-Jun-2020,162.00,166.99,160.35,164.74,"235,300",2.07
02-Jun-2020,156.99,166.49,155.26,162.67,"825,400",7.44
01-Jun-2020,157.80,158.00,153.50,155.23,"313,700",-3.70
29-May-2020,150.00,160.77,150.00,158.93,"1,282,000",9.37
28-May-2020,148.00,151.00,145.32,149.56,"238,500",1.07
21-May-2020,150.00,151.88,148.10,148.49,"248,200",-1.83
20-May-2020,151.00,153.50,149.55,150.32,"218,600",-0.97
19-May-2020,148.80,154.50,148.50,153.54,"547,300",5.21
18-May-2020,151.00,153.25,147.10,148.33,"421,900",-1.84
15-May-2020,151.69,151.69,148.45,150.17,"135,200",0.92
14-May-2020,150.25,150.25,147.00,149.25,"127,100",-0.32
13-May-2020,151.00,151.70,148.50,149.57,"177,900",-2.45
12-May-2020,153.00,153.00,150.00,152.02,"222,300",-1.65
11-May-2020,146.00,154.50,145.50,153.67,"265,100",5.71
08-May-2020,152.00,154.00,146.80,147.96,"152,100",-2.35
07-May-2020,145.50,155.75,144.50,150.31,"465,500",4.58
06-May-2020,143.00,146.51,142.11,145.73,"211,900",2.11
05-May-2020,147.00,149.00,143.00,143.62,"233,000",-2.39
04-May-2020,145.00,147.00,141.12,146.01,"265,600",0.16
30-Apr-2020,158.00,158.00,140.50,145.85,"555,400",-1.90
29-Apr-2020,141.99,147.75,140.00,147.75,"187,000",10.30
28-Apr-2020,135.00,140.99,134.89,137.45,"94,400",2.51
27-Apr-2020,145.00,145.00,133.00,134.94,"145,000",-7.15
24-Apr-2020,133.00,142.09,132.00,142.09,"207,600",9.91
23-Apr-2020,135.80,136.00,128.60,132.18,"33,900",-2.13
22-Apr-2020,131.75,135.00,131.50,134.31,"51,000",-0.25
21-Apr-2020,140.00,140.00,132.78,134.56,"73,500",-8.92
20-Apr-2020,147.94,150.99,140.00,143.48,"149,300",-0.90
17-Apr-2020,137.50,144.38,137.50,144.38,"184,000",10.07
16-Apr-2020,134.00,136.00,133.00,134.31,"31,300",-1.77
15-Apr-2020,134.56,137.50,134.50,136.08,"184,100",1.63
14-Apr-2020,134.85,137.70,131.90,134.45,"188,400",-0.41
13-Apr-2020,134.49,139.39,131.24,134.86,"257,100",3.65
10-Apr-2020,127.00,131.21,124.25,131.21,"180,000",9.15
09-Apr-2020,115.00,122.06,115.00,122.06,"75,600",8.51
08-Apr-2020,114.85,116.79,112.80,113.55,"85,700",-1.48
07-Apr-2020,113.10,116.00,113.10,115.03,"144,200",-1.55
06-Apr-2020,120.50,120.50,113.35,116.58,"93,100",-5.45
03-Apr-2020,131.05,133.90,120.00,122.03,"241,700",-6.25
02-Apr-2020,122.90,128.43,120.00,128.28,"201,700",8.81
01-Apr-2020,110.19,119.47,109.99,119.47,"247,900",8.33
31-Mar-2020,107.90,111.90,106.05,111.14,"560,000",3.76
30-Mar-2020,101.30,108.00,101.30,107.38,"338,800",1.42
27-Mar-2020,100.20,107.68,100.20,105.96,"169,400",5.79
26-Mar-2020,97.90,100.17,92.00,100.17,"249,900",6.98
25-Mar-2020,102.00,102.00,91.60,93.19,"224,800",-5.80
24-Mar-2020,98.99,98.99,98.99,98.99,"15,400",-8.02
20-Mar-2020,114.20,114.20,105.01,107.01,"742,600",-4.39
19-Mar-2020,111.40,113.90,111.40,111.40,"154,100",-9.03
18-Mar-2020,125.01,125.01,120.43,120.43,"107,700",-9.76
17-Mar-2020,130.10,134.00,128.00,130.19,"273,600",-4.65
16-Mar-2020,140.00,140.00,134.84,134.84,"254,400",-10.93
13-Mar-2020,139.30,146.45,139.00,145.77,"141,200",4.68
12-Mar-2020,148.50,149.00,139.40,141.09,"245,400",-8.67
11-Mar-2020,152.45,153.29,149.50,149.76,"194,000",-1.05
10-Mar-2020,145.45,152.50,145.45,150.81,"245,300",4.74
09-Mar-2020,143.00,147.50,140.02,146.07,"318,400",-4.48
06-Mar-2020,153.99,154.00,148.50,150.55,"75,700",-3.51
05-Mar-2020,154.00,157.90,153.75,154.06,"244,000",1.25
04-Mar-2020,156.00,156.00,151.00,152.81,"171,000",-0.99
03-Mar-2020,153.00,157.50,153.00,153.80,"415,600",3.94
02-Mar-2020,142.79,149.86,142.79,149.86,"195,400",9.80
28-Feb-2020,140.00,141.65,139.50,140.06,"243,200",0.26
27-Feb-2020,135.52,141.99,132.00,139.80,"189,400",-0.02
26-Feb-2020,140.50,141.44,137.50,139.82,"74,300",-1.38
25-Feb-2020,137.50,144.37,137.50,141.20,"135,500",1.58
24-Feb-2020,146.00,146.00,139.16,139.62,"328,300",-9.21
21-Feb-2020,154.10,154.10,148.00,148.83,"36,400",-4.64
20-Feb-2020,155.90,156.00,152.00,153.47,"88,500",-0.75
19-Feb-2020,148.99,156.09,142.01,154.22,"497,800",5.68
18-Feb-2020,159.00,159.00,146.79,148.54,"321,400",-8.45
17-Feb-2020,155.01,160.62,155.00,156.99,"449,700",1.98
14-Feb-2020,156.50,157.04,152.00,155.01,"616,500",-1.67
13-Feb-2020,151.00,160.00,149.94,156.68,"495,300",5.19
12-Feb-2020,149.00,152.95,147.10,151.49,"324,100",6.12
11-Feb-2020,143.70,149.00,142.50,145.37,"428,200",3.02
10-Feb-2020,149.10,149.90,140.16,142.35,"416,900",-6.75
07-Feb-2020,155.00,155.75,147.51,149.10,"317,400",-6.70
06-Feb-2020,152.50,158.15,150.02,155.80,"487,000",6.60
04-Feb-2020,150.00,153.50,142.10,149.20,"760,500",0.09
03-Feb-2020,148.00,150.53,141.06,149.11,"1,597,100",7.10
31-Jan-2020,142.01,142.01,140.26,142.01,"656,500",7.40
30-Jan-2020,127.99,134.61,127.99,134.61,"931,500",7.01
29-Jan-2020,128.00,128.85,127.50,127.60,"15,200",-0.91
28-Jan-2020,127.50,128.75,127.50,128.51,"86,900",0.77
27-Jan-2020,133.00,133.00,127.00,127.74,"13,400",0.21
24-Jan-2020,127.50,130.00,126.54,127.53,"73,100",0.01
23-Jan-2020,126.00,129.50,124.00,127.52,"74,500",2.52
22-Jan-2020,127.95,127.95,125.00,125.00,"49,500",-2.00
21-Jan-2020,127.00,128.40,126.50,127.00,"40,200",-0.04
20-Jan-2020,128.00,129.00,126.05,127.04,"40,400",-1.40
17-Jan-2020,128.39,130.00,128.00,128.44,"209,100",0.57
16-Jan-2020,127.00,128.50,126.30,127.87,"29,800",0.18
15-Jan-2020,128.00,129.94,127.25,127.69,"26,700",-1.20
14-Jan-2020,127.06,131.00,127.06,128.89,"695,800",0.82
13-Jan-2020,128.50,131.95,126.00,128.07,"565,100",0.90
10-Jan-2020,128.00,131.00,126.70,127.17,"559,900",1.55
09-Jan-2020,124.97,125.62,124.00,125.62,"448,100",5.98
08-Jan-2020,120.00,121.00,118.80,119.64,"138,700",0.38
06-Jan-2020,120.25,125.00,117.10,119.28,"108,600",-3.70
03-Jan-2020,125.00,125.00,122.00,122.98,"66,600",-2.86
02-Jan-2020,123.15,127.49,123.15,125.84,"111,600",0.41
01-Jan-2020,125.00,127.50,122.90,125.43,"95,800",1.13
31-Dec-2019,123.74,125.10,121.00,124.30,"113,000",3.20
30-Dec-2019,120.00,122.90,119.01,121.10,"64,500",2.35
27-Dec-2019,120.00,120.00,118.50,118.75,"25,500",-1.82
26-Dec-2019,117.89,121.89,116.50,120.57,"201,000",3.74
24-Dec-2019,117.00,118.34,114.00,116.83,"391,000",0.16
23-Dec-2019,117.50,120.00,115.00,116.67,"259,500",-2.23
20-Dec-2019,121.90,121.90,116.36,118.90,"125,500",-0.44
19-Dec-2019,123.00,125.50,117.52,119.34,"554,500",-4.36
18-Dec-2019,125.00,128.79,123.00,123.70,"534,000",-3.36
17-Dec-2019,126.01,127.50,123.50,127.06,"287,000",-1.08
16-Dec-2019,125.00,129.00,125.00,128.14,"457,000",3.09
13-Dec-2019,125.00,126.00,123.11,125.05,"314,000",1.04
12-Dec-2019,126.00,126.00,122.00,124.01,"167,000",-1.77
11-Dec-2019,120.95,126.10,120.00,125.78,"546,000",5.37
10-Dec-2019,119.30,121.00,117.00,120.41,"255,500",0.07
09-Dec-2019,123.90,127.32,118.00,120.34,"1,567,000",-0.92
06-Dec-2019,117.00,121.26,116.50,121.26,"647,000",5.77
05-Dec-2019,112.50,116.57,111.50,115.49,"1,770,000",4.47
04-Dec-2019,109.00,112.75,109.00,111.02,"145,500",2.51
03-Dec-2019,111.00,111.00,108.00,108.51,"155,000",-3.50
02-Dec-2019,113.00,113.01,107.25,112.01,"437,000",1.92
29-Nov-2019,111.06,114.25,108.40,110.09,"727,500",0.07
28-Nov-2019,110.02,110.02,108.00,110.02,"298,000",5.23
27-Nov-2019,104.79,104.79,104.79,104.79,"77,000",4.99
26-Nov-2019,95.98,99.80,95.50,99.80,"1,363,000",4.75
25-Nov-2019,94.00,95.50,93.90,95.05,"181,000",1.87
22-Nov-2019,92.00,93.90,90.70,93.18,"289,500",2.18
21-Nov-2019,93.99,94.00,91.00,91.00,"15,500",-2.92
20-Nov-2019,94.00,95.00,93.00,93.92,"577,500",-0.08
19-Nov-2019,94.00,94.50,93.03,94.00,"615,000",-0.26
18-Nov-2019,95.10,95.99,94.00,94.26,"81,500",-0.36
15-Nov-2019,94.00,95.25,94.00,94.62,"158,500",-0.30
14-Nov-2019,95.44,95.44,94.00,94.92,"141,500",0.24
13-Nov-2019,94.90,95.50,94.50,94.68,"874,500",0.18
12-Nov-2019,93.60,95.35,93.60,94.50,"189,500",-0.50
11-Nov-2019,95.19,95.50,92.90,95.00,"15,500",2.10
08-Nov-2019,92.51,93.00,92.01,92.90,"721,000",-0.52
07-Nov-2019,92.11,94.95,92.11,93.42,"21,500",-1.08
06-Nov-2019,95.99,96.00,94.00,94.50,"348,000",-0.40
05-Nov-2019,95.59,96.01,94.00,94.90,"158,000",1.38
04-Nov-2019,92.00,94.40,92.00,93.52,"210,500",2.25
01-Nov-2019,88.10,92.00,88.00,91.27,"75,000",1.57
31-Oct-2019,89.00,89.80,88.90,89.70,"51,000",1.28
30-Oct-2019,87.75,88.50,87.25,88.42,"13,000",0.47
29-Oct-2019,88.00,91.00,87.51,87.95,"166,500",0.83
28-Oct-2019,86.50,88.00,86.01,87.12,"67,000",0.62
25-Oct-2019,87.90,88.00,86.00,86.50,"38,000",-1.79
24-Oct-2019,87.50,88.89,87.50,88.29,"2,000",0.54
23-Oct-2019,86.10,87.99,86.10,87.75,"2,000",1.25
22-Oct-2019,86.95,86.99,86.50,86.50,"2,000",0.42
21-Oct-2019,87.00,87.00,84.15,86.08,"22,000",-2.49
18-Oct-2019,87.75,89.00,87.50,88.57,"7,000",0.36
17-Oct-2019,89.00,89.01,85.20,88.21,"31,500",-0.47
16-Oct-2019,88.50,90.00,87.54,88.68,"35,500",0.67
15-Oct-2019,88.00,88.99,88.00,88.01,"35,500",0.01
14-Oct-2019,87.97,88.00,87.25,88.00,"68,000",0.11
11-Oct-2019,86.50,90.41,85.50,87.89,"44,000",0.73
10-Oct-2019,86.48,88.00,86.48,87.16,"20,500",0.90
09-Oct-2019,85.70,86.80,85.06,86.26,"142,000",1.26
08-Oct-2019,84.08,86.01,84.00,85.00,"308,500",0.36
07-Oct-2019,83.25,86.70,83.25,84.64,"24,500",-1.95
04-Oct-2019,86.90,86.90,85.10,86.59,"3,500",1.15
03-Oct-2019,84.90,86.99,84.90,85.44,"56,000",1.08
02-Oct-2019,84.20,84.50,84.00,84.36,"20,500",1.35
01-Oct-2019,83.25,85.41,81.70,83.01,"24,500",-0.24
30-Sep-2019,83.00,83.25,83.00,83.25,"8,500",-0.20
27-Sep-2019,83.45,83.45,83.45,83.45,500,-0.53
26-Sep-2019,83.98,83.98,83.98,83.98,500,1.98
25-Sep-2019,83.00,83.00,82.00,82.00,"5,500",-1.00
24-Sep-2019,83.00,83.00,83.00,83.00,500,0.90
23-Sep-2019,82.10,82.10,82.10,82.10,500,-0.20
20-Sep-2019,83.20,83.98,82.30,82.30,"4,000",-1.68
19-Sep-2019,83.20,84.41,83.20,83.98,"22,500",0.81
18-Sep-2019,83.31,83.31,83.00,83.17,"4,500",-1.83
17-Sep-2019,83.00,85.00,83.00,85.00,"29,500",0.00
16-Sep-2019,85.20,86.00,85.00,85.00,"3,000",-1.00
13-Sep-2019,85.00,86.00,85.00,86.00,"21,000",0.80
12-Sep-2019,85.50,86.99,84.55,85.20,"460,500",0.65
11-Sep-2019,81.50,84.74,81.50,84.55,"6,500",1.55
05-Sep-2019,81.51,86.35,81.51,83.00,"10,500",-0.43
04-Sep-2019,79.90,83.90,79.90,83.43,"59,500",3.49
03-Sep-2019,82.51,83.00,78.85,79.94,"25,000",-3.06
02-Sep-2019,82.00,83.00,81.01,83.00,"36,000",1.14
30-Aug-2019,83.50,85.00,80.92,81.86,"1,574,500",-3.31
29-Aug-2019,84.00,86.00,83.00,85.17,"17,000",1.05
28-Aug-2019,84.00,85.00,84.00,84.12,"554,500",0.78
27-Aug-2019,84.90,85.52,82.00,83.34,"80,000",1.89
26-Aug-2019,82.71,82.71,81.05,81.45,"11,500",-3.26
23-Aug-2019,85.02,85.25,82.05,84.71,"51,500",-1.25
22-Aug-2019,85.02,87.00,85.00,85.96,"42,000",0.76
21-Aug-2019,83.10,86.00,83.10,85.20,"30,500",0.54
20-Aug-2019,82.51,86.00,81.00,84.66,"54,000",1.64
19-Aug-2019,82.35,84.40,82.00,83.02,"29,000",0.06
16-Aug-2019,83.36,84.61,82.50,82.96,"324,000",-1.65
09-Aug-2019,82.70,84.99,82.70,84.61,"5,000",0.13
07-Aug-2019,86.00,86.00,84.50,84.50,"10,500",-2.98
06-Aug-2019,86.70,87.90,85.00,87.48,"227,000",-0.51
05-Aug-2019,85.07,89.89,85.01,87.99,"33,000",-1.46
02-Aug-2019,87.25,89.99,87.25,89.45,"11,500",1.74
01-Aug-2019,88.95,88.95,87.66,87.71,"1,500",-0.92
31-Jul-2019,88.50,89.00,87.75,88.63,"20,000",0.57
30-Jul-2019,87.50,88.49,85.50,88.06,"13,500",0.41
29-Jul-2019,91.00,91.00,87.13,87.65,"97,000",-4.06
26-Jul-2019,89.98,92.50,87.59,91.71,"51,000",1.29
25-Jul-2019,90.35,90.50,90.33,90.42,"5,500",0.09
24-Jul-2019,90.00,92.50,88.25,90.33,"59,500",-1.67
23-Jul-2019,92.00,92.00,92.00,92.00,500,2.96
22-Jul-2019,88.78,90.50,88.78,89.04,"7,000",0.36
19-Jul-2019,88.00,90.00,87.00,88.68,"11,000",0.95
18-Jul-2019,90.00,90.00,87.11,87.73,"6,000",-3.91
17-Jul-2019,90.00,92.00,89.50,91.64,"19,500",1.62
16-Jul-2019,88.02,90.90,88.02,90.02,"24,000",2.01
15-Jul-2019,87.25,88.86,87.00,88.01,"46,000",-1.99
12-Jul-2019,91.00,91.00,90.00,90.00,"1,500",-1.05
11-Jul-2019,91.00,91.67,90.99,91.05,"27,000",0.05
10-Jul-2019,92.03,92.99,91.00,91.00,"261,000",-2.96
09-Jul-2019,93.49,94.49,91.58,93.96,"3,000",0.93
08-Jul-2019,89.01,93.49,89.01,93.03,"5,500",1.43
05-Jul-2019,91.57,92.00,91.20,91.60,"5,500",-2.50
04-Jul-2019,92.50,95.00,92.50,94.10,"143,500",0.47
03-Jul-2019,95.40,95.40,93.00,93.63,"10,000",-1.95
02-Jul-2019,95.50,95.58,94.11,95.58,"1,500",-0.92
01-Jul-2019,96.50,96.50,96.50,96.50,"2,500",0.53
28-Jun-2019,90.06,97.00,90.02,95.97,"81,000",2.86
27-Jun-2019,91.80,93.15,91.49,93.11,"19,000",1.13
26-Jun-2019,88.00,93.99,87.00,91.98,"42,000",2.46
25-Jun-2019,90.99,90.99,89.00,89.52,"3,800",-0.51
24-Jun-2019,90.51,92.90,89.00,90.03,"114,700",-2.39
21-Jun-2019,92.50,92.97,90.10,92.42,"3,000",-0.70
20-Jun-2019,93.16,93.16,93.10,93.12,"14,000",-0.61
19-Jun-2019,92.20,94.95,92.20,93.73,"28,900",0.01
18-Jun-2019,93.60,94.50,92.98,93.72,"2,200",-1.34
17-Jun-2019,94.90,96.90,94.80,95.06,"1,286,100",0.11
14-Jun-2019,95.90,95.90,94.00,94.95,"49,100",-0.15
13-Jun-2019,93.00,96.00,92.00,95.10,"383,500",1.47
12-Jun-2019,91.21,93.90,91.10,93.63,"16,900",1.54
11-Jun-2019,90.15,93.70,90.15,92.09,"95,300",-0.13
10-Jun-2019,91.00,92.69,91.00,92.22,"19,300",-1.96
03-Jun-2019,91.15,94.98,91.15,94.18,"6,900",0.15
30-May-2019,95.00,95.00,92.01,94.03,"17,400",-0.45
29-May-2019,93.00,95.00,92.31,94.48,"173,200",0.47
28-May-2019,92.00,95.71,91.50,94.01,"36,300",0.17
27-May-2019,93.20,94.11,93.00,93.84,"20,700",-1.51
24-May-2019,97.45,97.50,94.00,95.35,"25,400",-1.74
23-May-2019,95.01,98.50,95.01,97.09,"55,700",0.69
22-May-2019,96.50,97.01,96.00,96.40,"28,100",1.00
21-May-2019,95.00,95.50,91.50,95.40,"17,400",0.57
20-May-2019,92.61,95.90,92.00,94.83,"52,000",-1.27
17-May-2019,93.20,96.40,93.05,96.10,"5,200",-1.76
16-May-2019,96.00,97.89,96.00,97.86,"15,700",1.06
15-May-2019,95.54,98.49,95.50,96.80,"38,400",-0.70
14-May-2019,94.00,98.00,94.00,97.50,"21,300",0.80
13-May-2019,99.50,99.50,91.00,96.70,"50,500",1.34
10-May-2019,94.50,98.50,92.02,95.36,"22,500",0.97
09-May-2019,95.00,95.00,94.00,94.39,"10,600",-0.79
08-May-2019,95.00,95.50,94.56,95.18,"15,500",-3.21
07-May-2019,98.40,98.40,98.39,98.39,600,0.24
06-May-2019,93.56,99.00,93.56,98.15,"13,800",1.34
03-May-2019,93.50,99.00,93.01,96.81,"9,700",0.88
02-May-2019,97.00,97.00,94.00,95.93,"13,400",-2.38
30-Apr-2019,97.00,99.40,97.00,98.31,"34,200",1.08
29-Apr-2019,99.95,99.95,94.52,97.23,"18,700",1.21
26-Apr-2019,91.00,96.48,91.00,96.02,"4,800",4.02
25-Apr-2019,92.10,92.10,92.00,92.00,"1,200",-0.61
24-Apr-2019,91.50,93.95,90.50,92.61,"22,800",1.11
23-Apr-2019,93.00,94.95,91.50,91.50,"6,500",0.00
22-Apr-2019,93.00,93.00,91.50,91.50,"4,500",-2.52
19-Apr-2019,94.00,94.10,94.00,94.02,"88,800",0.96
18-Apr-2019,95.00,96.00,93.00,93.06,"86,100",-1.55
17-Apr-2019,106.50,106.50,106.00,106.07,"71,700",-0.47
16-Apr-2019,108.96,109.49,106.12,106.54,"35,900",-1.44
15-Apr-2019,109.59,109.59,105.25,107.98,"14,800",-1.61
12-Apr-2019,109.90,110.00,109.50,109.59,"71,100",0.10
11-Apr-2019,109.99,112.00,109.00,109.49,"57,400",0.78
10-Apr-2019,109.95,110.00,107.85,108.71,"137,700",-0.89
09-Apr-2019,106.06,110.00,106.06,109.60,"22,200",2.45
08-Apr-2019,110.00,110.00,106.50,107.15,"286,400",-2.31
05-Apr-2019,109.97,110.00,108.51,109.46,"524,400",-0.53
04-Apr-2019,109.60,110.90,109.00,109.99,"23,500",-0.67
03-Apr-2019,109.99,112.00,109.99,110.66,"174,200",2.28
02-Apr-2019,109.99,109.99,108.00,108.38,"12,500",-2.77
01-Apr-2019,109.00,111.82,108.10,111.15,"79,900",4.65
29-Mar-2019,107.90,107.90,106.07,106.50,"4,600",-0.50
28-Mar-2019,106.50,107.00,106.10,107.00,"5,300",-1.03
27-Mar-2019,107.97,109.50,107.97,108.03,"19,300",2.99
26-Mar-2019,104.00,108.85,103.01,105.04,"15,000",0.59
25-Mar-2019,104.49,104.49,104.00,104.45,"300,900",-0.04
22-Mar-2019,104.50,104.50,104.49,104.49,"3,700",0.17
21-Mar-2019,105.50,105.50,103.02,104.32,"3,700",-1.28
20-Mar-2019,104.45,106.79,104.45,105.60,"5,100",0.82
19-Mar-2019,104.25,106.90,104.25,104.78,"4,400",-0.30
18-Mar-2019,101.50,106.20,101.20,105.08,"32,100",3.91
15-Mar-2019,100.50,102.80,100.00,101.17,"9,900",-0.36
14-Mar-2019,103.00,103.00,101.00,101.53,"25,500",0.35
12-Mar-2019,104.50,104.50,100.21,101.30,"7,900",0.11
11-Mar-2019,102.05,103.85,101.00,101.19,"3,200",-2.22
08-Mar-2019,105.00,110.43,101.18,103.41,"24,300",-1.77
07-Mar-2019,109.49,109.49,103.51,105.18,"5,900",-0.82
06-Mar-2019,107.00,107.00,105.36,106.00,"4,200",-2.00
05-Mar-2019,106.50,108.00,103.51,108.00,"26,100",-0.01
04-Mar-2019,109.00,110.00,108.00,108.01,"8,900",-2.99
01-Mar-2019,114.00,114.00,108.51,111.00,"13,200",0.37
28-Feb-2019,110.99,110.99,110.00,110.63,400,2.94
27-Feb-2019,104.01,108.49,101.10,107.69,"65,600",2.49
26-Feb-2019,107.00,108.00,105.20,105.20,"12,600",-4.25
25-Feb-2019,111.15,111.15,109.00,109.45,"21,100",-1.52
22-Feb-2019,106.55,111.30,106.00,110.97,"126,100",4.96
21-Feb-2019,105.03,106.01,105.03,106.01,"93,400",0.09
20-Feb-2019,104.31,106.00,104.00,105.92,"186,500",1.61
19-Feb-2019,103.00,104.50,102.50,104.31,"119,000",2.21
18-Feb-2019,102.00,104.00,102.00,102.10,"249,600",0.27
15-Feb-2019,102.00,102.00,101.50,101.83,500,-1.14
14-Feb-2019,103.98,103.98,102.97,102.97,100,0.00
13-Feb-2019,102.00,104.99,102.00,102.97,"152,100",-2.02
12-Feb-2019,102.50,104.99,102.50,104.99,200,0.00
11-Feb-2019,104.47,104.99,104.47,104.99,"1,900",0.03
08-Feb-2019,104.00,105.00,104.00,104.96,"18,900",0.54
07-Feb-2019,105.00,105.00,104.00,104.42,"6,800",-0.58
06-Feb-2019,105.50,105.50,104.55,105.00,"188,600",0.00
04-Feb-2019,106.00,107.00,104.00,105.00,"42,200",0.00
01-Feb-2019,105.00,105.00,104.50,105.00,"8,200",0.00
31-Jan-2019,105.00,105.20,102.55,105.00,"40,600",0.34
30-Jan-2019,103.50,104.72,103.50,104.66,"1,500",-0.06
29-Jan-2019,106.69,106.69,103.00,104.72,"30,700",0.97
28-Jan-2019,102.50,105.50,102.50,103.75,"5,800",-1.75
25-Jan-2019,105.99,105.99,102.02,105.50,"3,600",-1.18
24-Jan-2019,107.00,107.00,106.00,106.68,"4,100",-0.47
23-Jan-2019,109.00,109.87,106.75,107.15,"15,400",-0.35
22-Jan-2019,107.25,108.99,107.25,107.50,"31,300",0.50
21-Jan-2019,107.85,108.01,107.00,107.00,"69,900",-1.11
18-Jan-2019,109.00,109.00,107.75,108.11,"1,300",-1.33
17-Jan-2019,107.00,109.87,107.00,109.44,"11,100",1.37
16-Jan-2019,111.98,111.98,106.00,108.07,"3,800",0.52
15-Jan-2019,107.50,109.00,105.29,107.55,"10,800",-0.32
14-Jan-2019,107.00,109.50,105.00,107.87,"6,800",1.47
11-Jan-2019,106.50,107.00,103.50,106.40,"4,000",-0.21
10-Jan-2019,107.93,108.50,105.51,106.61,"32,100",-1.32
09-Jan-2019,109.00,109.01,106.50,107.93,"26,100",0.40
08-Jan-2019,107.00,110.00,106.98,107.53,"31,600",0.53
07-Jan-2019,107.00,107.20,106.97,107.00,"101,800",0.60
04-Jan-2019,109.00,109.00,106.40,106.40,100,0.00
03-Jan-2019,105.20,106.40,105.20,106.40,"2,200",-2.30
01-Jan-2019,109.87,110.00,108.05,108.70,"12,100",-1.17
31-Dec-2018,105.88,110.50,105.75,109.87,"408,500",3.50
28-Dec-2018,109.99,113.00,103.18,106.37,"449,000",-2.24
27-Dec-2018,110.49,110.49,107.00,108.61,"400,000",0.47
26-Dec-2018,108.74,112.00,107.00,108.14,"87,000",-1.46
24-Dec-2018,106.00,110.00,106.00,109.60,"126,500",2.92
21-Dec-2018,103.01,108.41,103.01,106.68,"28,000",0.67
20-Dec-2018,106.00,108.00,106.00,106.01,"6,000",0.01
19-Dec-2018,105.20,107.00,105.00,106.00,"493,500",-3.64
18-Dec-2018,110.00,111.90,109.00,109.64,"11,500",-1.02
17-Dec-2018,108.90,111.90,108.90,110.66,"26,000",-0.37
14-Dec-2018,105.70,112.00,105.70,111.03,"46,500",2.92
13-Dec-2018,110.00,110.10,108.00,108.11,"175,000",-3.39
12-Dec-2018,114.00,115.50,110.40,111.50,"69,000",-1.50
11-Dec-2018,112.06,114.00,110.30,113.00,"38,500",-1.24
10-Dec-2018,112.99,114.90,112.99,114.24,"39,500",3.04
07-Dec-2018,108.01,112.89,106.05,111.20,"35,500",0.82
06-Dec-2018,112.00,112.77,109.25,110.38,"643,500",-4.61
05-Dec-2018,115.00,116.00,114.99,114.99,"6,500",0.01
04-Dec-2018,116.40,116.40,113.00,114.98,"8,500",-0.02
03-Dec-2018,113.50,115.00,113.00,115.00,"10,000",-2.47
30-Nov-2018,115.00,118.50,115.00,117.47,"153,000",4.22
29-Nov-2018,115.50,115.50,110.51,113.25,"16,500",-0.89
28-Nov-2018,110.11,115.44,110.11,114.14,"34,000",1.75
27-Nov-2018,110.00,112.95,110.00,112.95,"111,000",3.97
27-Nov-2018,111.50,112.95,108.98,112.39,"111,000",3.41
26-Nov-2018,109.10,109.98,108.50,108.98,"13,500",-1.96
23-Nov-2018,109.02,114.69,109.00,110.94,"74,000",0.57
22-Nov-2018,111.00,111.61,110.15,110.37,"18,000",-1.24
20-Nov-2018,111.50,113.89,111.25,111.61,"18,000",-2.14
19-Nov-2018,114.00,116.00,113.50,113.75,"19,500",1.40
16-Nov-2018,111.00,113.00,110.50,112.35,"8,500",1.00
15-Nov-2018,110.16,112.00,110.00,111.35,"10,500",0.30
14-Nov-2018,109.00,111.05,109.00,111.05,"3,000",-0.99
12-Nov-2018,115.90,115.90,112.00,112.04,"11,500",-0.96
09-Nov-2018,114.99,114.99,113.00,113.00,"6,000",-2.09
08-Nov-2018,115.00,115.50,114.00,115.09,"12,500",0.08
07-Nov-2018,114.01,116.00,114.00,115.01,"8,000",0.85
06-Nov-2018,115.00,115.90,113.50,114.16,"49,500",-0.95
02-Nov-2018,116.01,116.01,114.01,115.11,"73,000",-1.82
01-Nov-2018,121.00,121.00,116.20,116.93,"34,500",-0.73
31-Oct-2018,115.00,119.70,115.00,117.66,"48,500",-0.08
30-Oct-2018,116.01,118.97,114.01,117.74,"52,500",-0.89
29-Oct-2018,115.00,119.00,112.01,118.63,"457,000",3.94
26-Oct-2018,112.01,117.67,110.00,114.69,"232,000",0.45
25-Oct-2018,111.05,115.50,111.02,114.24,"21,000",1.27
24-Oct-2018,111.90,113.00,110.50,112.97,"136,500",4.95
23-Oct-2018,108.75,108.75,107.99,108.02,"562,500",-3.97
22-Oct-2018,110.03,112.34,110.00,111.99,"104,000",-0.10
19-Oct-2018,111.89,113.00,110.50,112.09,"91,000",0.67
18-Oct-2018,110.99,113.00,109.00,111.42,"240,000",0.32
16-Oct-2018,110.35,113.00,108.00,108.24,"76,500",-2.50
15-Oct-2018,112.16,114.00,110.14,110.74,"499,500",-5.19
12-Oct-2018,114.01,116.00,113.11,115.93,"67,000",0.11
11-Oct-2018,121.50,121.50,115.41,115.82,"134,000",-5.66
10-Oct-2018,121.00,122.00,118.63,121.48,"56,000",0.96
09-Oct-2018,121.00,122.05,119.00,120.52,"556,000",1.48
08-Oct-2018,115.00,123.00,111.70,119.04,"363,500",1.47
05-Oct-2018,118.00,119.50,115.25,117.57,"513,500",-3.03
04-Oct-2018,118.90,123.00,116.15,120.60,"68,000",-0.08
02-Oct-2018,122.00,122.00,120.51,120.68,"4,500",-1.84
01-Oct-2018,121.50,122.80,121.50,122.52,"13,500",2.13
28-Sep-2018,120.69,121.80,118.75,120.39,"50,500",0.32
27-Sep-2018,120.01,121.00,117.50,120.07,"98,500",-1.67
26-Sep-2018,120.50,122.90,120.00,121.74,"74,000",-1.07
25-Sep-2018,122.60,124.00,120.00,122.81,"96,000",0.13
24-Sep-2018,121.00,126.00,120.00,122.68,"73,000",1.00
19-Sep-2018,120.00,124.00,118.86,121.68,"73,000",0.60
18-Sep-2018,117.10,124.24,117.10,121.08,"154,000",0.76
17-Sep-2018,116.37,122.18,112.19,120.32,"107,500",3.95
14-Sep-2018,119.95,120.00,113.20,116.37,"215,000",-1.24
13-Sep-2018,114.01,117.78,114.00,117.61,"164,500",5.43
12-Sep-2018,108.01,115.02,104.63,112.18,"447,000",2.63
11-Sep-2018,107.01,111.00,107.00,109.55,"163,500",2.22
10-Sep-2018,106.05,107.89,104.01,107.33,"43,000",-0.73
07-Sep-2018,110.80,111.50,108.06,108.06,"11,000",-3.20
06-Sep-2018,115.90,115.90,111.20,111.26,"57,000",-2.17
05-Sep-2018,114.00,114.00,112.00,113.43,"73,500",0.04
04-Sep-2018,114.69,116.50,113.00,113.39,"25,000",1.33
03-Sep-2018,110.05,113.79,109.97,112.06,"47,000",-0.20
31-Aug-2018,113.99,113.99,111.00,112.26,"33,000",-0.98
30-Aug-2018,116.89,116.89,111.00,113.24,"40,000",0.72
29-Aug-2018,110.00,113.00,110.00,112.52,"57,000",-0.96
28-Aug-2018,115.50,115.50,113.00,113.48,"197,500",-4.17
27-Aug-2018,117.50,118.10,116.65,117.65,"16,500",0.70
24-Aug-2018,117.40,117.40,116.00,116.95,"35,000",1.21
20-Aug-2018,114.51,116.50,114.10,115.74,"11,500",-0.20
17-Aug-2018,116.01,117.50,115.50,115.94,"92,000",-0.56
16-Aug-2018,114.60,117.17,113.01,116.50,"65,500",0.49
15-Aug-2018,117.99,119.50,115.00,116.01,"94,500",-0.13
13-Aug-2018,117.00,119.88,115.00,116.14,"125,500",-1.37
10-Aug-2018,120.98,123.00,116.38,117.51,"48,000",-2.89
09-Aug-2018,118.60,122.30,117.00,120.40,"90,500",0.66
08-Aug-2018,119.89,120.00,119.74,119.74,"7,000",0.26
07-Aug-2018,116.45,121.88,116.00,119.48,"175,500",3.40
06-Aug-2018,113.00,117.60,112.00,116.08,"311,500",4.08
03-Aug-2018,114.00,116.00,111.00,112.00,"379,000",-0.04
02-Aug-2018,116.00,116.00,111.00,112.04,"244,000",-2.36
01-Aug-2018,119.90,119.90,112.10,114.40,"109,000",-2.68
31-Jul-2018,115.25,123.40,114.92,117.08,"608,000",-3.88
30-Jul-2018,127.07,129.70,120.96,120.96,"317,000",-6.36
27-Jul-2018,125.00,128.56,122.44,127.32,"654,000",4.88
26-Jul-2018,122.99,123.89,119.99,122.44,"163,000",4.39
24-Jul-2018,113.90,118.05,113.90,118.05,"381,500",5.62
23-Jul-2018,119.50,119.50,112.01,112.43,"116,000",-5.03
20-Jul-2018,119.90,121.98,115.50,117.46,"577,500",-3.59
19-Jul-2018,122.86,122.86,117.00,121.05,"1,905,500",4.04
18-Jul-2018,115.00,117.01,114.95,117.01,"652,500",5.57
17-Jul-2018,109.24,111.44,109.24,111.44,"664,000",5.30
16-Jul-2018,101.00,107.22,100.00,106.14,"208,500",4.02
13-Jul-2018,99.00,102.90,98.99,102.12,"266,500",4.12
12-Jul-2018,95.00,99.75,95.00,98.00,"112,500",3.00
11-Jul-2018,95.50,96.50,93.50,95.00,"1,055,500",1.50
10-Jul-2018,93.00,93.50,92.90,93.50,"2,000",-1.83
09-Jul-2018,97.00,97.00,95.30,95.33,"10,500",-3.67
06-Jul-2018,99.00,99.00,99.00,99.00,"6,000",-0.23
05-Jul-2018,97.00,99.98,97.00,99.23,"3,500",2.23
04-Jul-2018,97.00,99.00,96.90,97.00,"39,000",0.00
03-Jul-2018,97.00,97.00,96.99,97.00,"14,500",-0.61
02-Jul-2018,100.00,100.00,97.61,97.61,"2,500",-3.61
29-Jun-2018,100.00,101.99,98.96,101.22,"55,000",0.86
28-Jun-2018,97.00,101.00,97.00,100.36,"79,500",2.86
27-Jun-2018,97.00,97.50,97.00,97.50,"8,000",0.79
26-Jun-2018,91.10,98.00,91.10,96.71,"390,000",1.90
25-Jun-2018,96.00,96.00,93.00,94.81,"389,500",-2.37
22-Jun-2018,97.67,100.00,96.51,97.18,"566,000",-1.82
21-Jun-2018,99.11,100.00,99.00,99.00,"35,000",-2.56
20-Jun-2018,102.60,103.00,101.00,101.56,"298,000",0.04
19-Jun-2018,98.48,103.11,98.00,101.52,"472,000",3.32
14-Jun-2018,97.00,98.50,97.00,98.20,"39,000",0.79
13-Jun-2018,96.50,97.60,96.50,97.41,"108,000",0.96
12-Jun-2018,96.00,97.48,96.00,96.45,"31,500",-0.96
11-Jun-2018,96.95,97.85,95.00,97.41,"277,500",2.19
07-Jun-2018,95.99,97.00,95.00,95.22,"75,000",-1.02
06-Jun-2018,95.90,97.00,95.90,96.24,"331,000",0.70
05-Jun-2018,95.00,96.00,94.99,95.54,"175,000",0.82
04-Jun-2018,95.90,95.90,94.51,94.72,"432,000",0.32
01-Jun-2018,92.02,95.00,92.00,94.40,"46,000",0.93
31-May-2018,92.50,94.00,91.85,93.47,"40,500",1.53
30-May-2018,93.00,93.00,90.60,91.94,"29,000",-0.22
29-May-2018,90.00,92.89,90.00,92.16,"40,500",1.16
28-May-2018,89.15,91.00,89.00,91.00,"520,500",-0.86
25-May-2018,89.59,92.04,89.59,91.86,"12,000",-0.18
24-May-2018,91.99,94.80,91.25,92.04,"650,000",0.05
23-May-2018,92.00,92.00,90.13,91.99,"70,000",-0.41
22-May-2018,89.00,92.40,89.00,92.40,"98,000",4.40
21-May-2018,86.01,88.00,86.01,88.00,"14,500",-0.60
18-May-2018,88.50,88.60,87.50,88.60,"3,000",-0.40
17-May-2018,88.53,89.00,88.53,89.00,"2,000",-1.00
16-May-2018,89.51,90.00,89.51,90.00,"1,000",0.00
14-May-2018,88.01,89.50,88.00,89.00,"11,000",-2.49
11-May-2018,91.49,93.00,91.49,91.49,"5,500",-1.51
10-May-2018,92.00,93.99,92.00,93.00,"50,500",0.67
09-May-2018,90.01,92.50,89.00,92.33,"339,500",1.36
08-May-2018,92.00,92.00,90.00,90.97,"227,500",-0.97
07-May-2018,93.85,93.85,90.01,91.94,"24,500",-0.06
04-May-2018,93.00,93.00,92.00,92.00,"45,000",-1.00
03-May-2018,93.01,93.01,93.00,93.00,"3,500",-1.93
02-May-2018,95.00,96.25,94.50,94.93,"24,000",-2.63
30-Apr-2018,95.50,98.30,95.50,97.56,"30,500",1.37
27-Apr-2018,98.50,98.90,95.99,96.19,"123,500",0.52
26-Apr-2018,96.00,96.00,95.00,95.67,"46,000",-0.33
25-Apr-2018,95.26,97.00,95.26,96.00,"7,000",-1.50
24-Apr-2018,96.00,97.75,96.00,97.50,"160,000",0.43
23-Apr-2018,95.00,97.50,94.99,97.07,"91,000",2.81
20-Apr-2018,94.01,94.75,94.00,94.26,"788,500",0.26
19-Apr-2018,93.50,94.00,93.50,94.00,"1,500",0.00
18-Apr-2018,96.75,96.75,94.00,94.00,"21,000",0.35
17-Apr-2018,95.00,95.89,95.00,95.40,"9,500",-0.40
16-Apr-2018,94.01,96.00,94.01,95.80,"47,500",-0.73
13-Apr-2018,97.00,98.39,96.00,96.53,"162,000",0.53
12-Apr-2018,95.50,96.30,95.50,96.00,"50,000",0.21
11-Apr-2018,95.50,96.75,95.50,95.79,"20,500",-0.70
10-Apr-2018,96.99,96.99,96.00,96.49,"29,500",0.89
09-Apr-2018,97.00,97.55,95.60,95.60,"25,500",-0.88
06-Apr-2018,96.00,97.50,94.21,96.48,"56,000",-0.27
05-Apr-2018,97.99,97.99,96.00,96.75,"271,500",0.75
04-Apr-2018,95.00,98.00,95.00,96.00,"105,000",2.00
03-Apr-2018,96.00,96.00,94.00,94.00,"13,500",-1.06
02-Apr-2018,97.00,97.94,94.12,95.06,"5,500",-1.56
30-Mar-2018,93.65,98.00,93.56,96.62,"119,000",1.58
29-Mar-2018,92.15,95.25,92.15,95.04,"106,500",1.36
28-Mar-2018,92.00,94.00,88.81,93.68,"300,000",0.20
27-Mar-2018,92.60,95.00,92.60,93.48,"406,000",-2.46
26-Mar-2018,98.00,98.05,94.98,95.94,"272,000",-3.11
22-Mar-2018,95.95,99.40,95.50,99.05,"1,136,000",2.76
21-Mar-2018,97.00,97.40,94.30,96.29,"686,500",-0.71
20-Mar-2018,94.05,98.00,94.05,97.00,"705,000",1.58
19-Mar-2018,93.02,96.00,93.02,95.42,"382,500",1.40
16-Mar-2018,94.99,95.50,94.00,94.02,"183,000",0.42
15-Mar-2018,90.00,93.60,89.15,93.60,"1,102,000",4.45
14-Mar-2018,89.00,91.00,88.91,89.15,"43,000",0.24
13-Mar-2018,88.00,91.00,88.00,88.91,"32,500",0.91
12-Mar-2018,87.50,88.25,87.50,88.00,"26,000",1.50
09-Mar-2018,88.00,88.00,86.50,86.50,"1,000",-1.50
08-Mar-2018,88.00,88.40,85.15,88.00,"53,500",0.00
07-Mar-2018,85.00,88.50,85.00,88.00,"147,000",0.00
06-Mar-2018,87.00,88.00,87.00,88.00,"3,500",0.00
05-Mar-2018,89.49,89.50,87.99,88.00,"23,000",0.01
02-Mar-2018,88.00,88.00,87.99,87.99,"7,000",-0.01
01-Mar-2018,86.75,88.00,86.75,88.00,"36,500",-0.16
28-Feb-2018,89.88,90.00,87.05,88.16,"53,000",1.11
27-Feb-2018,87.00,88.25,87.00,87.05,"49,000",-1.20
26-Feb-2018,89.25,90.50,88.00,88.25,"253,500",-2.25
23-Feb-2018,92.15,94.99,90.00,90.50,"124,500",-1.63
22-Feb-2018,88.45,92.13,88.45,92.13,"383,000",4.38
21-Feb-2018,85.51,87.99,85.51,87.75,"13,000",-0.25
20-Feb-2018,88.00,88.00,88.00,88.00,500,0.05
19-Feb-2018,87.05,88.51,87.01,87.95,"12,500",-0.56
16-Feb-2018,86.50,89.00,86.50,88.51,"314,000",2.33
15-Feb-2018,87.50,87.50,86.00,86.18,"32,000",-0.82
14-Feb-2018,87.90,88.00,87.00,87.00,"173,000",-0.99
13-Feb-2018,87.00,88.50,85.76,87.99,"50,000",1.66
12-Feb-2018,86.00,87.00,85.00,86.33,"63,000",-1.52
09-Feb-2018,86.99,88.20,85.50,87.85,"17,500",0.85
08-Feb-2018,86.50,88.00,86.50,87.00,"189,000",-0.29
07-Feb-2018,85.00,89.00,85.00,87.29,"226,000",1.89
06-Feb-2018,83.00,86.90,83.00,85.40,"61,500",0.71
02-Feb-2018,83.60,85.00,83.60,84.69,"33,000",0.25
01-Feb-2018,85.00,85.90,83.20,84.44,"57,500",-1.56
31-Jan-2018,85.00,86.20,84.60,86.00,"31,000",0.62
30-Jan-2018,87.00,87.00,85.10,85.38,"14,500",-2.28
29-Jan-2018,87.00,88.80,86.41,87.66,"49,000",0.45
26-Jan-2018,83.50,88.35,83.50,87.21,"378,500",2.27
25-Jan-2018,86.00,86.40,84.00,84.94,"77,500",0.30
24-Jan-2018,83.00,86.11,83.00,84.64,"387,500",2.63
23-Jan-2018,82.01,83.00,82.00,82.01,"41,500",-1.02
22-Jan-2018,83.00,83.50,82.10,83.03,"76,000",0.13
19-Jan-2018,83.50,83.90,82.55,82.90,"23,000",-0.10
18-Jan-2018,83.50,85.50,82.30,83.00,"287,000",0.00
17-Jan-2018,81.85,83.50,81.75,83.00,"51,500",2.28
16-Jan-2018,82.95,83.45,80.40,80.72,"33,500",-1.27
15-Jan-2018,82.10,82.90,81.10,81.99,"56,500",-0.62
12-Jan-2018,82.99,84.75,82.00,82.61,"1,784,000",-0.27
11-Jan-2018,83.00,83.50,81.00,82.88,"734,500",-1.02
10-Jan-2018,84.95,85.00,82.01,83.90,"71,000",0.92
09-Jan-2018,82.40,84.33,81.00,82.98,"260,500",2.66
08-Jan-2018,74.50,80.34,74.50,80.32,"436,000",3.80
05-Jan-2018,74.35,77.00,71.00,76.52,"180,500",2.51
04-Jan-2018,71.03,74.50,71.03,74.01,"381,500",1.26
03-Jan-2018,74.03,74.60,72.30,72.75,"21,000",-2.57
02-Jan-2018,74.85,76.00,73.11,75.32,"197,500",0.32
01-Jan-2018,75.50,75.50,75.00,75.00,"1,500",1.08
29-Dec-2017,75.00,75.00,72.61,73.92,"238,000",-0.57
28-Dec-2017,71.00,74.57,70.00,74.49,"275,000",3.47
27-Dec-2017,67.50,71.18,67.50,71.02,"161,000",3.08
26-Dec-2017,69.74,69.74,66.05,67.94,"51,500",-1.37
22-Dec-2017,69.51,70.00,67.99,69.31,"430,000",0.47
21-Dec-2017,67.50,69.00,67.50,68.84,"8,500",2.34
